,output.top_member_employee,aqs,aqs_initial
false,150,0.960090518014,0.867665418227
true,150,0.921697021187,0.795133437991
